дата;фото;где
# правило: одно фото не чаще раза в 7 дней; старые 4 (lubov_01, _02_cafe, _03_park, _04_park_coat) — отдыхают до 12.10
2026-10-04;lubov2_laptop_red.jpg;сторис 1
2026-10-04;lubov2_shelf_book.jpg;сторис 2 + личный ТГ
2026-10-04;lubov2_portrait_blazer.jpg;сторис 3
2026-10-04;lubov2_hat_smile.jpg;пост ТГ
2026-10-05;lubov2_sofa_blazer.jpg;сторис 1
2026-10-05;lubov2_chair_boots.jpg;сторис 2 + личный ТГ
2026-10-05;lubov2_table_red_front.jpg;сторис 3
2026-10-05;lubov2_hat_redglasses.jpg;пост ТГ
2026-10-05;lubov2_hat_smile.jpg;прогрев
2026-10-05;lubov2_table_red_low.jpg;рилс
2026-10-05;lubov2_hat_lamp.jpg;рилс финал
2026-10-06;lubov2_hat_redglasses.jpg;карусель+сторис
2026-10-06;lubov2_laptop_red.jpg;сторис
2026-10-06;lubov2_shelf_book.jpg;сторис
2026-10-07;lubov_02_cafe.jpg;сторис
2026-10-07;scr_1007_formulas.jpg;сторис
2026-10-07;lubov_03_park.jpg;сторис
2026-10-07;lubov_04_park_coat.jpg;сторис
2026-10-07;lubov_01.jpg;пост ТГ
2026-10-08;lubov2_portrait_blazer.jpg;карусель+сторис
2026-10-08;scr_1008_table.jpg;сторис
